id;estimate;distance
1;2241.0;0.2810199152815699
210;5984.555984555985;0.13407416421894822
26;1702.1276595744675;0.20626382772877905
48;1074.3801652892562;0.21569985116922744
34;1435.897435897436;0.21651360472414896
50;1010.0;0.29240867924919756
202;1333.333333333333;0.2929061559265754
171;1624.5487364620942;0.320517882773066
23;1785.7142857142856;0.3313933382160988
101;1023.121387283237;0.4000636357931139
227;924.6088193456616;0.4003580130165437
