id;estimate;distance
7;1271.0;0.6447709871341413
13;1712.6220243192324;0.27316844353954267
20;1181.5453863465866;0.312461509864313
129;1058.4084672677377;0.6015010929981579
84;879.5875037913253;0.6079913506623404
18;1525.7958287596048;0.630825613033322
65;3805.1750380517506;0.6914291318358426
59;2143.622722400857;0.7182490345874255
44;1733.6152219873152;0.791185937262261
50;1521.7391304347827;0.9005843709691931
0;7440.476190476192;0.9203133865890145
