id;estimate;distance
166;1541.0;1.3589899606257085
159;2897.1962616822425;0.0
134;604.8738033072236;1.4035461679749257
157;555.5555555555555;1.4604721013633244
170;460.78431372549016;1.4604721013633244
10;3189.227498228207;1.4647799508901223
37;1137.357830271216;1.4922966514763638
154;1062.3229461756373;1.5576014491817316
171;991.5014164305949;1.5576014491817316
128;715.1370679380215;1.5766147874861984
139;598.056316969848;1.616514947339365
