id;estimate;distance
49;655.0;0.41829170046107367
57;801.1215701982774;0.14126819839680646
91;455.2845528455284;0.18382527621853453
186;742.8369296073575;0.196497699457841
238;598.056316969848;0.3820792115702343
249;679.7385620915032;0.461276644093742
90;804.0048543689319;0.5039727468591062
70;600.9287080032778;0.5327268496826065
166;835.0730688935282;0.5860357959393405
155;500.0;0.5897326391155948
127;439.0243902439024;0.6055019432769303
