id;estimate;distance
56;3683.0;0.6448091848746735
28;2909.090909090909;0.0
127;2318.8405797101445;0.5841925781397818
58;3146.8531468531464;0.6038991341191328
24;6849.31506849315;0.6766906188325306
23;3191.489361702128;0.6935923457656004
61;1159.4202898550723;0.7032525332667868
60;1189.0606420927468;0.7057186590465743
67;2321.4285714285716;0.7756921613660273
111;1800.0;0.8135511527616304
140;2897.1962616822425;0.8915026654486717
